BoxNumber,FolderNumber,Contents,Date
1,1,[Provenance documents and biographical sources],n.d.
1,2,[Provenance documents and biographical sources],n.d.
1,3,[Provenance documents and biographical sources],n.d.
1,4,"Aberdeen, George Hamilton-Gordon, 4th Earl of, 1784-1860. 1 ALS, 1 LS, 1 AL to T. J. Pettigrew",1846 Aug
1,5,"Abingdon, Montagu Bertie, 6th Earl of, 1808-1884. 2 ALS to T. J. Pettigrew","1859, 1860"
1,6,"Acland, Sir Thomas Dyke, bart., 1787-1871. ALS to T. J. Pettigrew",n.d.
1,7,"Aikin, Arthur, 1773-1854. 3 ALS to T. J. Pettigrew",1823-30
1,8,"Ailesbury, George William Frederick Brudnell-Bruce, 2d Marquess of, 1804-1878. 5 ALS to T. J. Pettigrew",1858-59
1,9,"Ainslie, Sir Whitelaw, 1767-1837. 1 ALS and 2 AL to T. J. Pettigrew",1828 Jun
1,10,"Ainsworth, William Francis, 1807-1896. 5 ALS to T. J. Pettigrew",1843-56
1,11,"Ainsworth, William Harrison, 1805-1882. 5 ALS to T. J. Pettigrew",1854-60
1,12,"Akerman, John Yonge, 1806-1873. 9 ALS and 2 LS to T. J. Pettigrew",1849-56
1,13,"Albemarle, Charlotte (Hunloke) Keppel, Countess of, d. 1862. AL to Mr. Stephenson",1822 Mar 8
1,14,"Albemarle, George Thomas Keppel, 6th Earl of, 1799-1891. 4 ALS to T. J. Pettigrew",1857 Jul-Aug
1,15,"Alcock, Thomas, 1784-1833. 3 AL to T. J. Pettigrew",1830-33
1,16,"Amyot, Thomas, 1775-1850. 6 ALS to T. J. Pettigrew",1827 and later
1,17,"Anderson, Joseph, 1789-1877. 3 ALS to T. J. Pettigrew",1843-47
1,18,Anglo-Biblical Institute. ALS (signed W. H. Clarke) to T. J. Pettigrew,1859 Nov 28
1,19,"Arran, Mary (Tyrrell), Countess, 1767?-1832. AL to Augustus Frederick, Duke of Sussex",[1824 or later]
1,20,"Arundale, Francis, 1807-1853. ALS to T. J. Pettigrew",n.d.
1,21,"Arundell, Henry Benedict Arundell, 11th Baron, 1804-1862. 2 ALS to T. J. Pettigrew",1852 Jun-Sep
1,22,"Arundell, John Francis Arundell, 12th Baron, 1831-1906. 2 ALS to T. J. Pettigrew",1860 Mar
1,23,"Ashburton, Alexander Baring, 1st Baron, 1774-1848. 2 ALS to T.J. Pettigrew.",[1839 or later]
1,24,"Ashburton, William Bingham Baring, 2d Baron, 1799-1864. ALS to T. J. Pettigrew",n.d.
1,25,"Ashpitel, Arthur, 1807-1869. 3 ALS to T. J. Pettigrew",1850 Aug
1,26,"Auckland, George Eden, 1st Earl of, 1784-1849. ALS to T. J. Pettigrew",1828 Dec 7
1,27,"Auckland, Robert John Eden, 3d Baron, Bp. of Bath and Wells, 1799-1870. 6 ALS to T. J. Pettigrew",1856-59
1,28,"Ayrton, William, 1777-1858. ALS to T. J. Pettigrew",1827 Feb 1
1,29,"Babington, Benjamin Guy, 1794-1866. 3 ALS and 1 AL to T. J. Pettigrew",1830-38
1,30,"Babington, William, 1756-1833. AL to T. J. Pettigrew",1817 Jun 6
1,31,"Baird, [William?], 1803-1872. 2 ALS and 3 AL to T. J. Pettigrew",1831-34
1,32,"Banks, Thomas Christopher, 1765-1854. ALS to T. J. Pettigrew",1845 Jun 30
1,33,"Baring, Charles, Bp. of Durham, 1807-1879. 2 ALS to T. J. Pettigrew",[1850]-1865
1,34,"Baring, Sir Thomas, 1772-1848. AL to Mr. Stephenson",1831 Mar 24
1,35,"Baron, John, 1786-1851. 2 ALS to T. J. Pettigrew",[1836 or later]
1,36,"Barrington, William Keppel Barrington, 6th Viscount, 1793-1867. AL to T. J. Pettigrew",1834 Mar 28
1,37,"Bateman, Thomas, 1821-1861. 4 ALS to T. J. Pettigrew",1850-52
1,38,"Bateman, William Bateman Bateman-Hanbury, 2d Baron, 1826-1901. ALS and 1 AL to T. J. Pettigrew","1857, 1858"
1,39,"Beattie, William, 1793-1875. 15 ALS to T. J. Pettigrew",1829-[36]
1,40,"Beaufort, Emily Frances (Smith), Duchess of, 1800?-1889. AL to T. J. Pettigrew",1829 Jul 31
1,41,"Beaufort, Sir Francis, 1774-1857. ALS to Sir Gardner Wilkinson",1850 Jan 15
1,42,"Beaufort, Henry Charles Fitzroy Somerset, 8th Duke of, 1824-1899. ALS and AL to T. J. Pettigrew","1854 Jul, Oct"
1,43,"Beaumont, Sir George Howland, bart., 1753-1827. AL to Lord Ferrers",n.d.
1,44,"Bedford, John Russell, 6th Duke of, 1766-1839. 3 ALS and 1 AL to T. J. Pettigrew",1827-34
1,45,"Bell, Robert, 1800-1867. ALS to T. J. Pettigrew",1857 Mar 30
1,46,"Bell, Thomas, 1792-1880. 3 ALS and 2 LS to T. J. Pettigrew",[1834]-53
1,47,"Beltz, George Frederick, 1777-1841. ALS to T. J. Pettigrew",1829 Mar 5
1,48,"Bernal, Ralph, d. 1854. ALS to T. J. Pettigrew",1853 Nov 10
1,49,"Berry, William, 1774-1851. 2 ALS to T. J. Pettigrew","1831 Apr, Jun"
1,50,"Berwick, Richard Noel Noel-Hill, 5th Baron, 1800-1861. ALS to T. J. Pettigrew",1860 May 15
1,51,"Betham, Sir William, 1779-1853. 22 ALS to T. J. Pettigrew",1826-52
2,52,"Billing, Archibald, 1791-1881. 2 AL to T. J. Pettigrew",1828 Jun
2,53,"Birkbeck, George, 1776-1841. 10 ALS to T. J. Pettigrew",1821-37
2,54,"Blaauw, William Henry, 1793-1870. 2 AL to T. J. Pettigrew",n.d.
2,55,"Black, William Henry, 1808-1872. ALS to T. J. Pettigrew",1849 Feb 28
2,56,"Blane, Sir Gilbert, bart., 1749-1834. ALS and AL to T. J. Pettigrew",1827 Nov
2,57,"Blessington, Charles John Gardiner, 2d Earl of, 1782-1829. 6 ALS to T. J. Pettigrew",[1820]-26
2,58,"Blessington, Margaret (Power) Farmer Gardiner, Countess of, 1789-1849. 2 ALS to T. J. Pettigrew",1821-[35]
2,59,"Blundell, James, 1790-1877. 6 ALS to T. J. Pettigrew",[1833]-38
2,60,"Bolland, Sir William, 1772-1840. ALS to T. J. Pettigrew",1827 Mar 26
2,61,"Bonney, Henry Kaye, 1780-1862. 2 ALS to T. J. Pettigrew",1852 Aug
2,62,"Bonomi, Joseph, 1796-1878. 4 ALS to T. J. Pettigrew, and 1 calling card.",1845-57
2,63,"Boston, George Ives Irby, 4th Baron, 1802-1869. 6 ALS to T. J. Pettigrew",[1857-62]
2,64,"Bowers, George Hull, 1794-1872. ALS to T. J. Pettigrew",1850 May
2,65,"Boyd, Sir William. 4 ALS to T. J. Pettigrew",1843-[54]
2,66,"Boyne, Gustavus Frederick John James Hamilton-Russell, 7th viscount, 1797-1872. 2 ALS to T. J. Pettigrew","1860, 1865"
2,67,"Brande, William Thomas, 1788-1866. 2 ALS to T. J. Pettigrew",[1806 or later]
2,68,"Braybrooke, Charles Cornwallis Neville, 5th Baron, 1823-1902. 2 AL to T. J. Pettigrew","1861, 1862"
2,69,"Braybrooke, Richard Cornwallis Neville, 4th Baron, 1820-1861. 4 ALS and 1 AL to T. J. Pettigrew",1859 Jul
2,70,"Braybrooke, Richard Griffin, 2d Baron, 1750-1825. ALS (fragment) to T. J. Pettigrew",1804 Mar 23
2,71,"Breadalbane, John Campbell, 2d Marquis of, 1796-1862. AL to T. J. Pettigrew",1833 May 24
2,72,"Bree, Robert, 1759-1839. ALS and AL to T. J. Pettigrew",1838 Apr
2,73,"Brenton, Edward Pelham, 1774-1839. ALS to T. J. Pettigrew",1838 Jan 26
2,74,"Bridgeman, George Thomas Orlando. 2 ALS to T. J. Pettigrew","1860 Oct, Dec"
2,75,"Briggs, John Joseph, 1819-1876. 2 ALS to T.J. Pettigrew","1841, 1860"
2,76,"Bright, Richard, 1789-1858. 7 ALS to T. J. Pettigrew",1832 Feb
2,77,"Brinckman, Charlotte (Godolphin), lady, d. 1838. AL to T. J. Pettigrew",n.d.
2,78,"Britton, John, 1771-1857. 4 ALS and 1 ALS fragment to T.J. Pettigrew",1846-56
2,79,"Brockett, John Trotter, 1788-1842. ALS to T. J. Pettigrew",1827 Mar 14
2,80,"Brodie, Sir Benjamin Collins, bart., 1783-1862. 14 ALS to T. J. Pettigrew",1824-[43]
2,81,"Brooke, Richard, 1791-1861. 3 ALS to T. J. Pettigrew",1852 May-Jun
2,82,"Brookes, Joshua, 1761-1833. 3 ALS and 2 AL to T. J. Pettigrew",1822-30
2,83,"Brougham, Henry Brougham, 1st Baron, 1778-1868. ALS and AL to T. J. Pettigrew",n.d.
2,84,"Brown, James, 1812-1881. AL to T. J. Pettigrew",1854 Jul 30
2,85,"Brownlow, Emma Sophia (Edgcumbe), Countess, 1791-1872. 2 AL to Dr. Sigmond and T. J. Pettigrew, and 1 AL to Pettigrew.",[1834 or later]
2,86,"Bruce, John Collingwood, 1805-1892. 2 ALS to T. J. Pettigrew","1850 Jun, Sep"
2,87,"Buckland, William, 1784-1856. 4 ALS to T. J. Pettigrew",1848-49
2,88,"Burges, George, 1786?-1864. ALS to T. J. Pettigrew",[before 1835]
2,89,"Burgon, Thomas, 1787-1858. 2 ALS to T. J. Pettigrew","1834, 1837"
2,90,"Burke, Sir John Bernard, 1814-1892. 5 ALS to T. J. Pettigrew",1853-58
2,91,"Burlington, Elizabeth (Compton) Cavendish, Countess of, 1760-1835. AL to T. J. Pettigrew",1830 Jan 21
2,92,"Burnett, Gilbert Thomas, 1800-1835. 2 ALS and 1 AL to T. J. Pettigrew",1831-35
2,93,"Burns, J. ALS to T. J. Pettigrew",n.d.
2,94,"Caley, John, d. 1834. 3 ALS to T. J. Pettigrew",1824-33
2,95,"Camden, George Charles Pratt, 2d Marquis of, 1799-1866. 3 ALS to T. J. Pettigrew",1853 Jan-Jun
2,96,"Carlisle, Sir Anthony, 1768-1840. 4 ALS to T. J. Pettigrew",1823-38
2,97,"Carlisle, Nicholas, 1771-1847. 16 ALS to T. J. Pettigrew",1825-46
2,98,"Carnarvon, Henry Howard Molyneux Herbert, 4th Earl of, 1831-1890. 10 ALS to T. J. Pettigrew",1859 Jul-Oct
2,99,"Carnwath, Robert Alexander Dalzell, 9th Earl of, 1768-1839. 2 ALS and 1 AL to T. J. Pettigrew",n.d.
2,100,"Carysfort, Elizabeth (Grenville) Proby, Countess of, 1756-1842. AL to T. J. Pettigrew",
2,101,"Carysfort, John Joshua Proby, 1st Earl of, 1751-1828. 7 ALS and 2 AL to [T. J. Pettigrew]",1800-18
2,102,"Cattermole, Richard, 1795-1858. 3 ALS to T. J. Pettigrew",1845-53
2,103,"Cavan, Frederick John William Lambart, 8th Earl of, 1815-1887. ALS to T. J. Pettigrew",1856 Jul 3
3,104,"Chalmers, Patrick, 1802-1854. ALS to T. J. Pettigrew",1850 Jun 9
3,105,"Chambers, William Frederick, 1786-1855. 2 ALS and 2 AL to T. J. Pettigrew",1818-38
3,106,"Champion de Crespigny, Sir Claude, bart., 1734-1818. AL to T. J. Pettigrew",1816 Oct 8
3,107,"Champion de Crespigny, Sir William, bart., 1765-1829. 1 ALS and 1 AL to T. J. Pettigrew","1823, 1824"
3,108,"Charma, Antoine, 1801-1869. 3 ALS (in French) to T. J. Pettigrew",1850-51
3,109,"Cherry, Henry Curtis. ALS to T. J. Pettigrew",1859 Aug 23
3,110,"Chichester, Henry Thomas Pelham, 7th Earl of, 1804-1886. ALS to T. J. Pettigrew",[1860?] Jul 24
3,111,"Chichester, Sir John Palmer Bruce, bart. ALS to T. J. Pettigrew",n.d.
3,112,"Cholmondeley, Susan (Somerset) Cholmondeley, Marchioness, 1804-1886. AL to T. J. Pettigrew",1835 Jun 22
3,113,"Cholmondeley, William Henry Hugh Cholmondeley, 3d Marquis, 1800-1884. ALS to T. J. Pettigrew",[1846 or later]
3,114,"Christmas, Henry, 1811-1868. ALS to T.J. Pettigrew",1855 Mar 14
3,115,"Churston, John Buller-Yarde-Buller, 1st Baron, 1799-1871. 2 ALS to T. J. Pettigrew","1861 Mar, Nov"
3,116-119,"Cimitile, Principe di. 39 ALS and 3 AL to T. J. Pettigrew.",[1823]-44
3,120,"Clanny, William Reid, 1776-1850. 5 ALS to T. J. Pettigrew",1829-49
3,121,"Clark, Sir James, 1788-1870. ALS and AL to T. J. Pettigrew",1832 Feb
3,122,"Clarke, Sir Charles Mansfield, bart., 1782-1857. 5 ALS to T. J. Pettigrew",[1836]-41
3,123,"Cleveland, Henry George Vane Powlett, 4th Duke of, 1803-1891. ALS to T. J. Pettigrew",1865 Aug 11
3,124,"Cleveland, Henry Vane, 2d Duke of, 1788-1864. ALS and AL to T. J. Pettigrew","1860 Jan, Feb"
3,125,"Clifford, Sir Augustus William James, bart., 1788-1877. ALS to T. J. Pettigrew",n.d.
3,126,"Clifford, Charles Clifford, 6th Baron, 1759-1831. ALS to T. J. Pettigrew",1823 Mar 14
3,127,"Clifford, Charles Hugh Clifford, 8th Baron, 1819-1880. 2 ALS to T. J. Pettigrew","1861 Apr, Nov"
3,128,"Clint, Scipio, 1805-1839. AL to T. J. Pettigrew",1833 Mar 9
3,129,"Close, Thomas, 1796-1881. ALS to T. J. Pettigrew",1852 Oct 27
3,130,"Clot, Antoine-barthélemy, 1793-1868. AL (in French) to T. J. Pettigrew and 1 calling card.",1833 Jan 21
3,131,"Clutterbuck, Henry, 1767-1856. 8 ALS to T. J. Pettigrew",1818-41
4,132,"Cockburn, Sir William Sarsfield Rossiter, bart., 1796-1858. ALS to T. J. Pettigrew",1856 Oct 14
4,133,"Colborne, Nicholas William Ridley-Colborne, 1st Baron, 1779-1854. 5 ALS to T. J. Pettigrew",[ca. 1849]
4,134,"Coleridge, Sir John Taylor, 1790-1876. 2 ALS to T. J. Pettigrew","1861 Mar, Nov"
4,135,"Collier, John Payne, 1789-1883. 2 ALS to T. J. Pettigrew","1854, 1855"
4,136,"Collyer, William Bengo, 1782-1854. 3 ALS to T. J. Pettigrew",1816-23
4,137,"Combe, Taylor, 1774-1826. 2 ALS to T. J. Pettigrew","1821, 1824"
4,138,"Conolly, John, 1794-1866. 7 ALS and 3 AL to T. J. Pettigrew",[1829]-57
4,139,"Conybeare, William Daniel, 1787-1857. ALS to T. J. Pettigrew",1854 Jul 28
4,140,"Conyngham, Henry Conyngham, 1st Marquess, 1766-1832. 2 ALS to T. J. Pettigrew",1831 Oct
4,141,"Cooke, John, 1756-1838. 7 ALS and 1 fragment to T. J. Pettigrew, 1 ALS to unidentified ""Madam.""",[1829-32]
4,142,"Cooper, Sir Astley Paston, bart., 1768-1841. 14 ALS to T. J. Pettigrew and 1 ALS from Pettigrew to Cooper",1815-38
4,143,"Copeland, Thomas, 1781-1855. 5 ALS and 1 AL to T. J. Pettigrew",[1822 or later]
4,144,"Copland, James, 1791-1870. 3 ALS to T. J. Pettigrew",1830 Feb
4,145,"Corblet, Louis-Achille-Jules, 1819-1886. ALS (in French) to T. J. Pettigrew",1857 Feb 20
4,146,"Corner, George Richard, 1801-1863. 5 ALS and 1 AL to T. J. Pettigrew",1845-52
4,147,"Cory, Isaac Preston, 1802-1842. ALS to T. J. Pettigrew",n.d.
4,148,"Costa, Sir Michael, 1810-1884. 7 ALS in French and 5 ALS in English to T. J. Pettigrew",1840-50
4,149,"Costello, Dudley, 1803-1865. 5 ALS to T. J. Pettigrew",[1856]-59
4,150,"Cotton, Henry, 1789-1879. ALS to T. J. Pettigrew",1851 May 9
4,151,"Coulson, William, 1802-1877. ALS to T. J. Pettigrew",1861 Nov 23
4,152,"Courtenay, Thomas Peregrine, 1782-1841. ALS to T. J. Pettigrew",1841 Feb 12
4,153,"Cowper, George Augustus Frederick, 6th Earl, 1806-1856. ALS to T. J. Pettigrew",1853 Jun 10
4,154,"Coxe, Henry Octavius, 1811-1881. 2 ALS to T. J. Pettigrew",[1846 or later]
4,155,"Craven, Louisa (Brunton) Craven, Countess of, 1785-1860. AL to T. J. Pettigrew",[1859 or later]
4,156,"Criticus, pseud. ALS to T. J. Pettigrew",n.d.
4,157,"Croker, Thomas Crofton, 1798-1854. 4 ALS to T. J. Pettigrew",1844-46
4,158,"Cruikshank, George, 1792-1878. 5 ALS to T. J. Pettigrew",1854-55
4,159,"Cullimore, Isaac, 1791-1852. 4 ALS to T. J. Pettigrew",1838-44
4,160,"Cunningham, Peter, 1816-1869. 2 LS to T. J. Pettigrew","1852 Jan, Mar"
4,161,"Curtis, Sir William, bart., 1804-1870. ALS to T. J. Pettigrew",[1859 or later]
4,162,"Darnley, John Stuart Bligh, 6th Earl of, 1827-1896. 6 ALS to T. J. Pettigrew",1853 Jan-Aug
4,163,"Dartmouth, William Legge, 4th Earl of, 1784-1853. 2 ALS to T. J. Pettigrew","1814, 1823"
4,164,"Dartmouth, William Walter Legge, 5th Earl of, 1823-1891. 4 ALS to T. J. Pettigrew",1860 Feb-Oct
4,165,"Davidson, John, 1797-1836. 4 ALS to T. J. Pettigrew",[after 1834]
4,166,6 ALS to T. J. Pettigrew,1850-[56?]
4,167,Prospectus (signed),n.d.
4,168,"Davis, Nathan, 1812-1882. 2 ALS to T. J. Pettigrew",1835-52
4,169,"Delamere, Thomas Cholmondeley, 1st Baron, 1767-1855. AL to T. J. Pettigrew",n.d.
4,170,"Delille, Charles Jean. 2 ALS to T. J. Pettigrew","1834, 1841"
4,171,"De Morgan, Augustus, 1806-1871. ALS to T. J. Pettigrew",1845 Dec 17
4,172,"Denman, Thomas Denman, 1st Baron, 1779-1854. 4 ALS to T. J. Pettigrew",1838-41
4,173,"Devon, William Reginald Courtenay, 30th Earl of, 1807-1888. ALS and 2 AL to T. J. Pettigrew",1861 Feb-Jul
4,174,"Devonshire, William Cavendish, 7th Duke of, 1808-1891. AL to T. J. Pettigrew",1850 Jun 14
4,175,"Devonshire, William George Spencer Cavendish, 6th Duke of, 1790-1858. ALS and AL to T. J. Pettigrew","1833, 1851"
4,176,"D'Eyncourt, Charles Tennyson, 1784-1861. ALS to T. J. Pettigrew",1859 Mar 9
4,177,"Dillon, Sir William Henry, 1779-1857. 4 ALS to T. J. Pettigrew",1834 May
4,178,"Dimock, James Francis, 1810-1876. 3 ALS to T. J. Pettigrew and 1 ALS to ""Mr. Archdeacon""",n.d
4,179,"Dixon, William Hepworth, 1821-1879. ALS and AL to T. J. Pettigrew",1854 Feb
4,180,"Donkin, Sir Rufane Shaw, 1773-1841. 2 ALS to T. J. Pettigrew","[1829], 1833"
4,181,"Donnelly, Sir Ross, 1761?-1840. 4 ALS and 3 AL to T. J. Pettigrew",1826-33
4,182,"Dover, Georgiana (Cavendish) Agar-Ellis, Baroness, 1804-1860. AL to Mr. Stephenson",n.d.
4,183,"Downshire, Arthur Wills Blundell Sandys Trumbull Windsor Hill, 4th Marquis of, 1812-1868. ALS to T. J. Pettigrew",1859 Jul 18
4,184,"Doyle, Sir Charles William, 1770-1842. AL to T. J. Pettigrew",1823 Jun 8
4,185,"Doyle, Sir John, bart., 1750?-1834. 2 ALS to T. J. Pettigrew","1829, 1830"
4,186,"Drury, Henry Joseph Thomas, 1778-1841. 3 ALS to T. J. Pettigrew",1829-32
4,187,"Ducie, Henry John Reynolds-Moreton, 3d Earl of, 1827-1921. 5 ALS to T. J. Pettigrew",1860 Apr
4,188,"Duckett, Sir George, bart., 1777-1856. 2 AL to T. J. Pettigrew",1830 May-Jun
4,189,"Dufour, Charles, 1814-1887. ALS (in French) to T. J. Pettigrew",1851 Mar 21
4,190,"Dunbar, M. J. M. 7 ALS to T. J. Pettigrew",[1853 or later]
4,191,"Dundas, Sir James Whitley Deans, 1785-1862. 3 ALS and 1 AL to T. J. Pettigrew",1829-[59]
4,192,"Dungannon, Arthur Hill-Trevor, 3d Viscount, 1798-1862. AL to T. J. Pettigrew",1860 May 14
4,193,"Dunkin, Alfred John, 1812-1879. ALS to T. J. Pettigrew",1846 Jun 10
4,194,"Dunraven, Edward Richard Wyndham Wyndham-Quin, 3d Earl of, 1812-1871. 2 ALS to T. J. Pettigrew",1861 May
4,195,"Dupont, Gustave Jules, 1820-1903. ALS to T. J. Pettigrew",1851 Sep 26
4,196,"Dwarris, Sir Fortunatus William Lilley, 1786-1860. 2 ALS to T. J. Pettigrew",1857 Jul-Aug
5,197,"Edwards, William Camden, 1777-1855. ALS to T. J. Pettigrew",[1831 or later]
5,198,"Effingham, Henry Howard, 2d Earl of, 1806-1889. 5 ALS to T. J. Pettigrew",1845-61
5,199,"Effingham, Kenneth Alexander Howard, 1st Earl of, 1767-1845. 3 ALS to T. J. Pettigrew",1843-44
5,200,"Eglinton, Archibald William Montgomerie, 13th Earl of, 1812-1861. ALS to T. J. Pettigrew",1857 Sep 21
5,201,"Egmont, Bridget (Wynn) Perceval, Countess of, d. 1826. ALS and AL to T. J. Pettigrew",[1821 or later]
5,202,"Ellis, Sir Henry, 1777-1869. 14 ALS to T. J. Pettigrew and 1 ALS to F. Maurice",1821-57
5,203,"Erksine, Thomas, 1788-1864. 4 ALS to T. J. Pettigrew",1856-60
5,204,"Erksine, Thomas Erksine, 1st Baron, 1750-1823. 2 ALS and 2 AL to T. J. Pettigrew",1815-18
5,205,"Essex, George Capel-Coningsby, 6th Earl of, 1757-1839. ALS to T. J. Pettigrew",1821 Jun 16
5,206,"Essex, Sarah (Bazett) Capel-Coningsby, Countess of, 1761-1838. ALS to Dr. Shearman",n.d.
5,207,"Estcourt, Thomas Henry Sutton Sotheron, 1801-1876. ALS to T. J. Pettigrew",n.d.
5,208,"Ewart, William, 1798-1869. ALS to T. J. Pettigrew",1858 Jun 1
5,209,"Exmouth, Edward Pellew, 3d Viscount, 1811-1876. ALS to T. J. Pettigrew",1861 Apr 22
5,210,"Exmouth, Pownoll Bastard Pellew, 2d Viscount, 1786-1833. ALS to T. J. Pettigrew",1817 Mar 21
5,211,"Eyton, Robert William, 1815-1881. 3 ALS to T. J. Pettigrew",[1856]-60
5,212,"Fairholt, Frederick William, 1814-1866. 2 ALS to T. J. Pettigrew",1852 May 29
5,213,"Falconer, Thomas, 1805-1882. 18 ALS to T. J. Pettigrew",1850-61
5,214,"Falkener, Edward, 1814-1896. ALS to T. J. Pettigrew",n.d.
5,215,"Farquhar, Mary Octavia (Somerset), lady, d. 1906. AL to T. J. Pettigrew",1848 Mar 1
5,216,"Farre, John Richard, 1775-1862. ALS to T. J. Pettigrew",1831 Nov 5
5,217,"Faulkner, Sir Arthur Brooke, 1779-1845. 12 ALS and 2 AL to T. J. Pettigrew and 1 calling card",1820-44
5,218,"Fellows, Sir Charles, 1799-1860. 2 ALS to T. J. Pettigrew",1855 Jul
5,219,"Ferguson, Robert, 1799-1865. ALS to T. J. Pettigrew",1843 Aug 10
5,220,"Ferrers, Washington Sewallis Shirley, 9th Earl of, 1822-1859. 2 ALS to T. J. Pettigrew",1851 May
5,221,"Ffolkes, Sir William John Henry Browne, bart., 1786-1860. AL to T. J. Pettigrew",1833 Jul 19
5,222,"Filmer, Sir Edmund, bart., 1809-1857. 2 ALS to T. J. Pettigrew","1853 Mar, May"
5,223,"Fitch, William Stevenson, 1793-1859. ALS to T. J. Pettigrew",1845 Sep 3
5,224,"Fitzhardinge, William Fitzhardinge Berkeley, 1st Earl, 1786-1857. 2 ALS to C. Roach Smith",1846 Jul
5,225,"Forbes, Sir Charles Ferguson, 1779-1852. 2 ALS to T. J. Pettigrew",1817 Jun
5,226,"Forbes, Sir John, 1787-1861. 5 ALS to T. J. Pettigrew",1839-40
5,227,"Forester, Thomas. ALS to T. J. Pettigrew",n.d.
5,228,"Foster, Peter Le Neve, 1809-1879. ALS to T. J. Pettigrew",1854 Jan 17
5,229,"Freeman, Edward A., 1823-1892. 2 ALS to T. J. Pettigrew","1854, 1856"
5,230,"French, Gilbert James, 1804-1866. 4 ALS to T. J. Pettigrew, 1 ALS to J.R. Planché, and 1 ALS to [John E. Engan?] Secretary of the B.A.A.",1850-60
5,231,"Fryer, Edward, 1761-1826. 2 ALS to T. J. Pettigrew","1818, 1828"
5,232,"Gage, Henry Hall Gage, 4th Viscount, 1791-1877. AL to T. J. Pettigrew",1833 Aug 15
5,233,"Gardiner, Sir Robert William, 1781-1864. 3 ALS to T. J. Pettigrew",1848 Aug
5,234,"Gerhard, E. ALS (in French) to T. J. Pettigrew",n.d.
5,235,"Gilbert, Ashurst Turner, Bp. of Chichester, 1786-1870. ALS and AL to T. J. Pettigrew","1854, 1861"
5,236,"Godwin, George, 1815-1888. 2 ALS to T. J. Pettigrew",1853 Apr
5,237,"Good, John Mason, 1764-1827. 2 ALS to T. J. Pettigrew","1815, 1821"
5,238,"Goodenough, Edmund, 1785-1845. 3 ALS to T. J. Pettigrew",1804-27
5,239,"Goodwin, Charles Wycliffe, 1817-1878. ALS to the Secretary of the B.A.A.",1862 May 5
5,240,"Gordon, J. E. 3 ALS to T. J. Pettigrew",[1831 or later]
5,241,"Gosford, Archibald Acheson, 2d Earl of, 1776-1849. 3 ALS to T. J. Pettigrew",1833-44
5,242,"Gosford, Archibald Acheson, 3d Earl of, 1806-1864. ALS to T. J. Pettigrew",1841 May 19
5,243,"Gould, Nathaniel. 2 ALS to T. J. Pettigrew","[1850], 1861"
5,244,"Grafton, William Henry FitzRoy, 6th Duke of, 1819-1882. ALS to T. J. Pettigrew",n.d.
5,245,"Granville, Augustus Bozzi, 1783-1872. 2 ALS to T. J. Pettigrew",n.d.
5,246,"Grenville, Thomas, 1755-1846. 4 ALS to T. J. Pettigrew",1805-42
5,247,"Grey, Charles Grey, 2d Earl, 1764-1845. 2 AL to T. J. Pettigrew","1819, 1829"
5,248,"Grey-Egerton, Sir Philip de Malpas, 1806-1881. ALS to T. J. Pettigrew",1850 Jun 5
5,249,"Guilford, Francis North, 6th Earl of, 1772-1861. 2 ALS to T. J. Pettigrew","1853 Feb, May"
5,250,"Gunn, William, 1750-1841. ALS to T. J. Pettigrew",1831 Jan 27
5,251,"Gurney, John Hampden, 1802-1862. 2 ALS to T. J. Pettigrew","1861, 1862"
5,252,"Gutch, John Matthew, 1776-1861. 5 ALS to T. J. Pettigrew",1848-54
5,253,"Guthrie, George James, 1785-1856. 8 ALS to T. J. Pettigrew",[1833]-45
5,254,"Gwilt, Joseph, 1784-1863. ALS to T. J. Pettigrew",1849 Mar 28
6,255,"Haigh, Daniel Henry, 1819-1879. ALS to T. J. Pettigrew",1850 Dec 21
6,256,"Halford, Sir Henry, bart., 1766-1844. 3 ALS to T. J. Pettigrew",1829-37
6,257,"Haliburton, James, 1788-1862. 7 ALS to T. J. Pettigrew",1833-48
6,258,"Hall, Marshall, 1790-1857. ALS to T. J. Pettigrew",1838 Feb 14
6,259,"Halliday, Sir Andrew, 1781-1839. 2 ALS to T. J. Pettigrew","1823, 1826"
6,260,"Hamilton, Henry Parr, 1794-1880. 6 ALS to T. J. Pettigrew",1844-58
6,261,"Hamilton, R., col. ALS to T. J. Pettigrew",1826 Jul 21
6,262,"Hamilton, William Richard, 1777-1859. 7 ALS and 1 LS to T. J. Pettigrew",1830-45
6,263,"Hancock, Thomas, 1783-1849. 2 ALS to T. J. Pettigrew","1834, 1842"
6,264,"Hargrove, William, 1788-1862. ALS to T. J. Pettigrew",1850 Apr 22
6,265,"Harland, John, 1806-1868. ALS to T. J. Pettigrew",1850 Sep 10
6,266,"Harriott, Thomas. ALS to T. J. Pettigrew",1813 Dec 8
6,267,"Harrod, Henry, 1817-1871. ALS to T. J. Pettigrew",1857 Aug 7
6,268,"Harrowby, Dudley Francis Stuart Ryder, 3d Earl of, 1831-1900. 3 ALS to T. J. Pettigrew",1851-52
6,269,"Hartshorne, Charles Henry, 1802-1865. 3 ALS to T. J. Pettigrew",1860-61
6,270,"Haslam, John, 1764-1844. 3 ALS to T. J. Pettigrew",1831-33
6,271,ALS to T. J. Pettigrew,1845 Feb 25
6,272,ALS to C. R. Smith,1845 Jul 7
6,273,"Hawkins, Caesar Henry, 1798-1884. 3 ALS to T. J. Pettigrew",[1831 or later]
6,274,"Hawkins, Edward, 1780-1867. 4 ALS and 1 AL to T. J. Pettigrew",[1828]-53
6,275,"Hawkins, Francis, 1794-1877. 2 LS, 9 ALS, and 1 AL to T. J. Pettigrew",1835-52
6,276,"Hay, Robert, 1799-1863. 2 ALS to T. J. Pettigrew","1841, 1842"
6,277,"Heath, Dunbar Isidore, 1816-1888. 2 ALS to T. J. Pettigrew","1861, 1862"
6,278,"Heath, J. M. 6 ALS and 1 AL (draft) to T. J. Pettigrew",1817-38
6,279,"Heberden, William, 1767-1845. 2 ALS to T. J. Pettigrew",n.d.
6,280,"Henderson, Alexander, 1780-1863. 2 AL (3d person) to T. J. Pettigrew",[1825 or later]
6,281,"Heytesbury, William A'Court, 1st Baron, 1779-1860. ALS to T. J. Pettigrew",1855 Jul 10
6,282,"Hill, Sir Rowland, 1795-1879. ALS to T. J. Pettigrew",1855 Dec 21
6,283,"Hill, Thomas, 1760-1840. ALS to T. J. Pettigrew",1827 Mar 20
6,284,"Hincks, Edward, 1792-1866. 4 ALS to T. J. Pettigrew",1845 Jul-Aug
6,285,"Holland, Sir Henry, bart., 1788-1873. 7 ALS and 1 AL to T. J. Pettigrew",[1824-47]
6,286,"Hood, Sir Alexander Bateman Periam Fuller-Acland-Hood, bart., 1819-1892. AL to T. J. Pettigrew",1856 Jun 30
6,287,"Houghton, Richard Monckton Milnes, 1st Baron, 1809-1885. 6 ALS to T. J. Pettigrew",n.d.
6,288,"Hugo, Thomas, 1820-1876. 3 ALS to T. J. Pettigrew",1853 Mar
6,289,"Hume, Abraham, 1814-1884. 4 ALS to T. J. Pettigrew",1849-50
6,290,"Hunter, Joseph, 1783-1861. 2 ALS to T. J. Pettigrew","1841 May, Jun"
6,291,"Husenbeth, Frederick Charles, 1796-1872. 3 ALS to T. J. Pettigrew and 1 ALS to the Council of the B.A.A.",1846-57
6,292,"Huskisson, William, 1770-1830. AL to T. J. Pettigrew",1818 Jan 9
6,293,"Irving, George Vere, 1815-1869. 2 ALS to T. J. Pettigrew",1857 Jun
6,294,"Isaacson, Stephen, 1798-1849. 4 ALS to T. J. Pettigrew",1845-46
7,295,"Jackson, John, Bp. of London, 1811-1885. AL to T. J. Pettigrew",1854 Jun 5
7,296,"Jerden, William, 1782-1869. ALS to T. J. Pettigrew",1860 May 3
7,297,"Jewitt, Llewellyn Frederick William, 1816-1886. 2 ALS to T. J. Pettigrew",1849 Oct
7,298,"Johnson, James, 1777-1845. ALS to T. J. Pettigrew",1831 Mar 20
7,299,"Jones, Harry Longueville, 1806-1870. ALS to T. J. Pettigrew",1848 Jun 2
7,300,"Jones, Thomas, 1810-1875. ALS to T. J. Pettigrew",1861 Oct 22
7,301,"Jones, William Henry Rich, 1817-1885. 4 ALS to T. J. Pettigrew",1858 Jun-Jul
7,302,"Julien, [Marc Antoine?]. AL to T. J. Pettigrew",1833 Sep 2
7,303,"Just, John, 1797-1852. 4 ALS to T. J. Pettigrew",1850-51
7,304,"Kater, Henry, 1777-1835. ALS and AL to T. J. Pettigrew","1829, 1830"
7,305,"Kean, Charles John, 1811-1868. 1 ALS to James Robinson Planché (1796-1880)",1847 Sep 24
7,306,"Keate, Robert, 1777-1857. 2 ALS to T. J. Pettigrew",[1824]-40
7,307,"Kelly, Patrick, 1756-1842. ALS to T. J. Pettigrew",1830 Jan 30
7,308,"Kemble, Charles, 1775-1854. 1 ALS to T.J. Pettigrew.",n.d.
7,309,"Kempe, Alfred John, 1785?-1846. ALS to T. J. Pettigrew",1846 Apr 13
7,310,"Kerrison, Robert Masters, 8 ALS to T. J. Pettigrew",1829-40
7,311,"King, Richard, 1811?-1876. ALS to T. J. Pettigrew",n.d.
7,312,"King, Walker, Bp. of Rochester, 1732-1827. ALS to T. J. Pettigrew",[1815 or later]
7,313,"Kingdom, John. ALS to William Salisbury",[after 1831]
7,314,"Kinnaird, Douglas James William, 1788-1830. AL to T. J. Pettigrew",1823 May 19
7,315,"Knightley, Selina Mary (Hervey), Lady. AL to T. J. Pettigrew",1847 Apr 13
7,316,"Knox, Vicesimus, d. 1855. ALS to J. G. Children",1841 Jan 30
7,317,"Konig, Charles Dietrich Eberhard, 1774-1851. 5 ALS to T. J. Pettigrew",1827-[31]
7,318,2 ALS and 1 AL (in Italian) to Mr. Albano,[1837 or later]
7,319,LS to T. J. Pettigrew,1838 Aug 22
7,320,"Lamb, Lady Caroline (Ponsonby), 1785-1828. AL to T. J. Pettigrew",[1823 or later]
7,321,"Lamington, Alexander Dundas Ross Wishart Cochrane-Baillie, 1st Baron, 1816-1890. ALS to T. J. Pettigrew",1861 Apr 30
7,322,"Lane, Hunter, d. 1853. 2 ALS to T. J. Pettigrew","1840, 1842"
7,323,"Latham, John, 1761-1843. ASL to T. J. Pettigrew",1826 Feb 10
7,324,"Law, George Henry, Bp. of Bath and Wells, 1761-1845. 2 AL to T. J. Pettigrew",1827 May
7,325,"Lawrence, Sir William, 1783-1867. ALS to T. J. Pettigrew",1841 Nov 16
7,326,"Leach, William Elford, 1790-1836. AL to T. J. Pettigrew",1817 Nov 22
7,327,"Leake, William Martin, 1777-1860. 2 ALS to T.J. Pettigrew and 1 calling card.",[1849 or later]
7,328,"Lee, John, 1783-1866. 17 ALS and 1 AL to T. J. Pettigrew",1825-57
7,329,"Lee, John Edward, 1808-1887. 3 ALS to T. J. Pettigrew",1850-53
7,330,"Lee, Samuel, 1783-1852. 14 ALS to T. J. Pettigrew",1827-34
7,331,"Lee, Sarah (Wallis) Bowdich, 1791-1856. ALS and AL to T. J. Pettigrew","1830, 1834"
7,332,"Leemans, Conrad. 10 ALS to T. J. Pettigrew",1836-43
7,333,"Lemon, Robert, 1779-1835. 7 ALS and 1 AL to T. J. Pettigrew",1826-31
7,334,"Lemon, Robert, 1800-1867. 3 ALS and 2 AL to T. J. Pettigrew",1826-46
7,335,"Leslie, Charles Robert, 1794-1859. ALS to T. J. Pettigrew",1849 Jan 8
7,336,"Lete, Thomas. ALS to T. J. Pettigrew",1852 Jun 3
7,337,"Lewis, Frederick Christian, 1779-1856. AL to T. J. Pettigrew",n.d.
7,338,"Lewis, George Robert, 1782-1871. 2 ALS to T. J. Pettigrew","1840, 1851"
7,339,"Lewis, Griffith George, 1784-1859. AL to T. J. Pettigrew",1842 Apr 15
7,340,ALS to unnamed recipient,n.d.
7,341,ALS to Mr. Lindsay,n.d.
7,342,2 ALS to T. J. Pettigrew,[1832 or later]
7,343,"Liston, Robert, 1794-1847. 9 ALS to T. J. Pettigrew",1835-46
7,344,"Lloyd, W. ALS to T. J. Pettigrew",1817 Mar 13
7,345,"Loewe, Louis, 1809-1888. 7 ALS to T. J. Pettigrew",1837-46
7,346-347,"Londesborough, Albert Denison, 1st Baron, 1805-1860. 43 ALS to T. J. Pettigrew and 1 ALS fragment to unidentified [The V. Revd. Dean of ?]",[1843-49]
7,348,"Lonsdale, James, 1777-1839. ALS to T. J. Pettigrew",1823 Sep 2
7,349,"Lonsdale, John, Bp. of Lichfield, 1788-1867. 2 ALS to T. J. Pettigrew","1860 Jan, Jul"
7,350,"Lough, John Graham, 1806-1876. ALS to T. J. Pettigrew",[1840 or later]
7,351,ALS to T. J. Pettigrew,1845 Nov 18
7,352,3 ALS to J. R. Planché,1845-52
7,353,"Ludolf, comte de [Neopolitan Ambassador]. ALS and AL to T. J. Pettigrew","1830 Apr, Aug"
7,354,"Lynch, Christopher. 3 ALS to T. J. Pettigrew",1851-53
8,355,"Macdonald, Lawrence, 1799-1878. AL to T. J. Pettigrew",[1830 or later]
8,356,"McGrigor, Sir Charles Roderic, bart., b. 1811. 3 ALS to T. J. Pettigrew",[1859 or later]
8,357,"McGrigor, Sir James, bart., 1771-1858. 7 ALS, 1 LS, 1 AL to T. J. Pettigrew",1830-54
8,358,"Mackenzie, Robert Shelton, 1809-1880. ALS to T. J. Pettigrew",1844 Sep 19
8,359,"Mackinnon, William Alexander, 1789-1870. 7 ALS and 1 AL to T. J. Pettigrew",[1828-37]
8,360,"Maitland, Samuel Roffey, 1792-1866. ALS to T. J. Pettigrew",[1838-48]
8,361,"Maltby, Edward, Bp. of Durham, 1770-1859. 23 ALS to T. J. Pettigrew",[1842]-52
8,362,"Manby, George William, 1765-1854. 2 ALS to T. J. Pettigrew",1830 Aug 28
8,363,"Mandelsloh, count (Würtemberg Minister to Gr. Brit.). 1 ALS and 2 AL to T. J. Pettigrew",[1826]-35
8,364,"Mangles, James, 1786-1867. 5 ALS to T. J. Pettigrew.",1834-42
8,365,"Manvers, Charles Herbert Pierrepont, 2d Earl, 1778-1860. ALS to T. J. Pettigrew",1852 Jul 9
8,366,"Markland, James Heywood, 1788-1864. ALS to T. J. Pettigrew",1840 May 28
8,367,"Marrable, Frederick, 1818-1872. ALS to T. J. Pettigrew",1850 Feb 20
8,368,"Marsden, William, 1754-1836. ALS and 2 AL to T. J. Pettigrew",1833 Jun
8,369,"Marshall, William Calder, 1813-1894. 3 ALS to T. J. Pettigrew",1851-58
8,370,"Martin, Sir James Ranald, 1793-1874. 2 ALS to T. J. Pettigrew",n.d.
8,371,"Martin, Leopold Charles, 1817-1889. ALS to T. J. Pettigrew",1845 Jun 20
8,372,"Maton, William George, 1774-1835. ALS to T. J. Pettigrew",[1825 or later]
8,373,"Maugham, Robert, d. 1862. 3 ALS to T. J. Pettigrew",1824 Apr
8,374,"Mayer, Joseph, 1803-1886. 2 ALS to T. J. Pettigrew","1849, 1850"
8,375,"Mayo, Herbert, 1796-1852. 4 ALS to T. J. Pettigrew",[1837 or later]
8,376,"Melfort, George Drummond, 6th Duke of, 1807-1902. ALS to T. J. Pettigrew",1856 Jul 4
8,377,"Merivale, John Herman, 1779-1844. 5 ALS to T. J. Pettigrew",1836 Jul-Nov
8,378,"Merriman, Samuel, 1771-1852. 4 ALS to T. J. Pettigrew",1827-38
8,379,"Meyrick, Sir Samuel Rush, 1783-1848. 11 ALS to T. J. Pettigrew",1827-47
8,380,"Monk, James Henry, Bp. of Gloucester and Bristol, 1784-1856. ALS to C. R. Smith",1846 Apr 17
8,381,"Montfort, Henry Bromley, Lord, 3d Baron of Horseheath, 1773-1851. ALS to T. J. Pettigrew",1826 Sep 28
8,382,"Moodie, John. 8 ALS to T. J. Pettigrew",1816-17
8,383,"Moore, James Carrick, 1762-1860. 3 ALS and 1 AL to T. J. Pettigrew",1838-40
8,384,"2 ALS (in French), 2 LS to T. J. Pettigrew and 1 document, signed",1827-36
8,385,LS to the Duke of Sussex,1831 Feb 28
8,386,"Morgan, John Minter, 1782-1854. 3 ALS to T. J. Pettigrew",1830-33
8,387,"Morley, Edmund Parker, 2d Earl of, 1810-1864. ALS to T. J. Pettigrew",1861 Apr 30
9,388,"Mudge, William, 1762-1820. ALS to T. J. Pettigrew",1816 Jan 5
9,389,"Müller, William, d. 1846. 3 ALS to T. J. Pettigrew",1820-29
9,390,"Mulready, William, 1786-1863. ALS to T. J. Pettigrew",1849 Jan 8
9,391,"Munro, Hugh Andrew Johnstone, 1819-1885. ALS to T. J. Pettigrew",1849 Jan 17
9,392,"Munster, George Augustus Frederick Fitzclarence, 1st Earl of, 1794-1842. 4 ALS and 1 AL to T. J. Pettigrew",1823-31
9,393,"Murdoch, Thomas, b. 1757. 4 ALS and 1 AL to T. J. Pettigrew",1831-34
9,394,"Murray, John, 1808-1892. ALS to T. J. Pettigrew",n.d.
9,395,"Nares, Robert, 1753-1829. AL to T. J. Pettigrew",n.d.
9,396,"Nash, John, 1752-1835. 2 AL to T. J. Pettigrew","1828, 1829"
9,397,"Nayler, Sir George, 1764?-1831. 2 ALS and 1 LS to T. J. Pettigrew",1827-30
9,398,"Needham, Francis Henry, 1819-1902. ALS to T. J. Pettigrew",1846 Mar 31
9,399,"Newman, John, 1786-1859. ALS to T. J. Pettigrew",1834 Jun 24
9,400,"Nichols, John Bowyer, 1779-1863. 2 ALS to T. J. Pettigrew","1828, 1844"
9,401,"Nichols, John Gough, 1806-1873. 4 ALS to T. J. Pettigrew",n.d.
9,402,"Nicolas, [John] Toup, 1788-1851. ALS to Mr. Smyth",[1849?] Jun 16
9,403,"Nightingale, Margaret (Goostry). ALS to T. J. Pettigrew",1825 Jan 10
9,404,"Northampton, Spencer Joshua Alwyne, 2d Marquis of, 1790-1851. AL to T. J. Pettigrew",1848 Mar 28
9,405,"Northumberland, Algernon Percy, 4th Duke of, 1792-1865. 3 ALS to T. J. Pettigrew",1834-61
9,406,"Northwick, John Rushout, 2d Baron, 1811-1887. AL to T. J. Pettigrew",n.d.
9,407,Numismatic Society. LS (signed Henry Christmas) to C. R. Smith,1846 Feb 5
9,408,"Oldfield, John, 1789-1863. 6 ALS and 1 AL to T. J. Pettigrew",1837-38
9,409,"Ollivant, Alfred, Bp. of Llandaff, 1798-1882. 2 ALS and 1 AL to T. J. Pettigrew",1854 Jun-Sep
9,410,"Ord, John Walker, 1811-1853. 5 ALS to T. J. Pettigrew",[1835]-45
9,411,"Ouseley, Sir Gore, 1770-1884. 2 ALS and 1 AL to T. J. Pettigrew",1829-36
9,412,"Outram, Sir Benjamin Fonseca, 1774-1856. 4 ALS to T. J. Pettigrew",[1828]-38
9,413,"Ouvry, Frederic, 1814-1881. ALS to T. J. Pettigrew",1858 Feb
9,414,"Overstone, Samuel Jones Lloyd, 1st Baron, 1796-1883. ALS to T. J. Pettigrew",1850 Sep 17
9,415,"Papworth, Edgar George, 1809-1886. ALS (AL in different hand) to T. J. Pettigrew",1842 Aug 22
9,416,"Parke, Henry, 1792?-1835. ALS to T. J. Pettigrew",1835 Mar 14
9,417,"Patten, George, 1801-1865. ALS and AL to T. J. Pettigrew",1849 Apr
9,418,"Peacock, George, 1791-1858. 2 ALS to T. J. Pettigrew","1857 Jul, Aug"
9,419,"Peel, Sir Robert, bart., 1788-1850. AL to T. J. Pettigrew",n.d.
9,420,"Peile, Thomas Williamson, 1806-1882. ALS to T. J. Pettigrew",1853 Jan 15
9,421,"Penn, John, 1760-1834. ALS to T. J. Pettigrew",1811 May 9
9,422,"Pennethorne, Sir James, 1801-1871. AL to T. J. Pettigrew",1850 Jan 23
9,423,"Pepys, William Hasledine, 1775-1856. AL to T. J. Pettigrew",1832 May 3
9,424,"Pereira, Jonathan, 1804-1853. 2 ALS and 3 AL to T. J. Pettigrew",[1830]-38
9,425,"Petre, William Bernard Petre, 12th Baron, 1817-1884. ALS to T. J. Pettigrew",1861 Apr 25
9,426,ALS to the British Archaeological Association,1854 Nov 23
9,427,ALS to unnamed recipient,1856 Sep 4
9,428,"Pettigrew, William. ALS to T. J. Pettigrew",n.d.
9,429,"Philip, Alexander Philip Williamson, 1770?-1851?. 2 ALS to T. J. Pettigrew","1831, 1838"
9,430,"Phillipps, Sir Thomas, 1792-1872. 3 ALS to T. J. Pettigrew",1830-31
9,431,"Phillips, Thomas, 1770-1845. 4 ALS to T. J. Pettigrew",[1832]-37
9,432,"Phillpotts, Henry, Bp. of Exeter, 1778-1869. 2 ALS to T. J. Pettigrew","1832, 1861"
9,433,"Phipps, Sir Charles Beaumont, 1801-1866. 2 ALS to T. J. Pettigrew","1849, 1855"
9,434,"Pickersgill, Henry William, 1782-1875. 5 ALS and 3 AL to T. J. Pettigrew",1832-49
9,435,"Pidgeon, Henry Clark, 1807-1880. 2 ALS to T. J. Pettigrew","1849, 1850"
9,436,"Pitcairn, Robert, 1793-1855. ALS to T. J. Pettigrew",[1823 or later]
9,437,"Pitts, William, 1790-1840. 2 ALS and 1 AL to T. J. Pettigrew",1831 May
9,438,"Planché, James Robinson, 1796-1880. 11 ALS to T. J. Pettigrew",1830-58
9,439,"Poltimore, Augustus Frederick George Warwick Bampfylde, 2d Baron, 1837-1908. 2 ALS to T. J. Pettigrew",[1860 or later]
9,440,"Pomfret, George Fermor, 3d Earl of, 1768-1830. AL to T. J. Pettigrew",[1827 or later]
9,441,"Pond, John, 1767-1836. 6 ALS to T. J. Pettigrew",1831 Feb-Jul
9,442,"Poste, Beale, 1793-1871. 8 ALS to T. J. Pettigrew",1847-52
9,443,"Powis, Edward James Herbert, 3d Earl of, 1818-1891. ALS and AL to T. J. Pettigrew","1860 Jul, Oct"
9,444,"Poynder, John, 1779-1849. 3 ALS to T. J. Pettigrew",1847 Jul-Aug
9,445,"Prout, William, 1783-1852. ALS to T. J. Pettigrew",1838 Feb 24
9,446,"Purland, Theophilius. ALS to Thomas Wright",1846 Feb 2
10,447,"Radnor, Jacob Pleydell-Bouverie, 8th Earl of, 1815-1889. ALS to T. J. Pettigrew",1858 Jun 16
10,448,"Reeve, Lovell Augustus, 1814-1865. 3 ALS to T. J. Pettigrew",1852-53
10,449,"Rennie, Sir John, 1794-1874. 2 ALS to T. J. Pettigrew",[1834 or later]
10,450,"Renouard, George Cecil, 1780-1867. ALS and AL to T. J. Pettigrew","1824, 1836"
10,451,"Richards, George, 1767-1837. ALS to T. J. Pettigrew",1829 Feb 2
10,452,"Richardson, Charles James, 1806-1871. ALS to James R. Planché",n.d.
10,453,"Richardson, Moses Aaron, 1793-1871. ALS to T. J. Pettigrew",1847 Nov 26
10,454,"Riego, Miguel del. 8 ALS to T. J. Pettigrew and 1 ALS to the Duke of Sussex",[1823-28]
10,455,"Rifaud, J. J. 1 AL to T.J. Pettigrew and Prospectus, signed, for Voyage en Égypte, et en Nubie, 1827.",n.d.
10,456,"Rigby, Edward, 1804-1860. ALS to T. J. Pettigrew",n.d.
10,457,"Rimbault, Edward Francis, 1816-1876. 3 ALS to T. J. Pettigrew",1841 Apr-May
10,458,"Roberts, David, 1796-1864. 4 ALS to T. J. Pettigrew",1846-51
10,459,"Roberts, P[eter?], 1760?-1819. ALS to unidentified.",1797 Jul 25
10,460,"Robertson, Andrew, 1777-1845. 1 ALS and 3 AL to T. J. Pettigrew",1829-32
10,461,"Robinson, Peter Frederick, 1776-1858. 3 ALS to T. J. Pettigrew","1827, n.d."
10,462,"Roe, George Hamilton, 1795-1873. 2 ALS to T. J. Pettigrew",n.d.
10,463,"Rogers, William Harry, 1825-1873. 4 ALS to T. J. Pettigrew",1847-50
10,464,"Roget, Peter Mark, 1779-1869. 5 ALS to T. J. Pettigrew",1827-40
10,465,"Rokewode, John Gage, 1786-1842. 7 ALS to T. J. Pettigrew",1826-40
10,466,"Room, Henry, 1802-1850. AL to T. J. Pettigrew",n.d.
10,467,"Rowan, Sir Charles, 1782-1852. ALS and LS to T. J. Pettigrew","1830, 1833"
10,468,Royal Botanic Society. LS (signed James Sowerby) to T. J. Pettigrew,1849 Jun 11
10,469,Royal Society of London. LS (signed Davies Gilbert) to T. J. Pettigrew,1829 Nov 16
10,470,"Rudge, Edward, 1763-1846. 2 ALS to T. J. Pettigrew",1833
10,471,"Sabine, Sir Edward, 1788-1883. LS to T. J. Pettigrew",1828 Feb 11
10,472,"Sabine, Joseph, 1770-1837. 2 ALS to T. J. Pettigrew","1820, 1834"
10,473,"Sala, Henrietta Catherina Florentina (Simon), 1789-1860. 1 ALS to T.J. Pettigrew",[1828]
10,474,"Salisbury, William. ALS to T. J. Pettigrew",1832 Jun 10
10,475,"Sass, Henry, 1788-1844. 3 ALS to T. J. Pettigrew",[1826]-31
10,476,"Saull, William Devonshire, 1784-1855. ALS to T. J. Pettigrew",1852 Aug 9
10,477,"Saumarez, Richard, 1764-1835. 1 ALS to T.J. Pettigrew",[1815 or later]
10,478,"Sayer, Augustin, 1790-1861. 2 ALS to T. J. Pettigrew","[1828], 1833"
10,479,"Scott, John. 4 ALS to T. J. Pettigrew",[1832]-53
10,480,"Scudamore, Sir Charles, 1779-1849. ALS to T. J. Pettigrew",[1841 or later]
10,481,"Scudamore, Georgiana (Johnson), lady. 2 AL to T. J. Pettigrew",[1849]
10,482,"Sedgwick, Adam, 1785-1873. 3 ALS to T. J. Pettigrew",1840-[46]
10,483,"Seymour, Edward James, 1796-1866. AL to T. J. Pettigrew",n.d.
10,484,"Shakespear, John, 1774-1858. ALS to T. J. Pettigrew",1833 Jul 3
10,485,"Sharp, Sir Cuthbert, 1781-1849. ALS to T. J. Pettigrew",1845 Mar 28
10,486,"Sharp, William, 1805-1896. ALS to T. J. Pettigrew",1839 Nov 13
10,487,"Sharpe, Edmund, 1809-1877. 4 ALS and a fragment to T. J. Pettigrew",1850 Jul-Sep
10,488,"Shaw, Alexander, 1804-1890. 2 ALS and 1 AL to T. J. Pettigrew",1839 Feb
10,489,"Shee, Sir Martin Archer, 1769-1850. 3 ALS and 2 AL to T. J. Pettigrew",[1825]-31
10,490,"Sievier, Robert William, 1794-1865. ALS and AL to T. J. Pettigrew","1816, 1825"
10,491,"Skelton, Joseph, fl. 1820-1850. AL to T. J. Pettigrew",1845 Jun 18
10,492,"Sleath, John, 1767-1847. 4 ALS to T. J. Pettigrew",1828-31
10,493,"Smart, Benjamin Humphrey 1786?-1872. 3 ALS to T. J. Pettigrew",[1828]-50
10,494,"Smart, Sir George Thomas, 1776-1867. 5 ALS to T. J. Pettigrew",1825-47
10,495,"Smith, Charles John, 1803-1838. ALS to T. J. Pettigrew",1831 Jan 15
10,496,"Smith, Charles Roach, 1807-1890. 6 ALS to T. J. Pettigrew",1844-45
10,497,"Smith, Sir William Sidney, 1764-1840. 4 ALS to T.J. Pettigrew and 1 ALS to the Duke of Sussex",1830-37
10,498,"Smyth, William Henry, 1788-1865. 5 ALS to T. J. Pettigrew, 14 ALS to unidentified.",1844-52
11,499,"Soames, Henry, 1785-1860. 2 ALS to T. J. Pettigrew","1842 Apr, May"
11,500,ALS (in French) to M. Moreau,1819 May 20
11,501,ALS (in French) to T. J. Pettigrew,1819 Jul 21
11,502,Société des Antiquaries de Picardie. 3 ALS (signed J. Garnie) to President of the B.A.A. and 1 ALS to President of the British Assoc. of Conservation of Monuments,1850-51
11,503,"Solly, Edward, 1819-1866. 3 ALS to T. J. Pettigrew and 1 ALS to Charles Roach Smith",1845-51
11,504,"Somerset, Edward Adolphus Seymour, 11th Duke of, 1775-1855. 2 AL to T. J. Pettigrew","1830, 1833"
11,505,"Southey, Henry Herbert, 1783-1865. ALS to T. J. Pettigrew",n.d.
11,506,"Spence, William, 1783-1858. ALS and AL to T. J. Pettigrew","1847, 1848"
11,507,"Spencer, John Charles Spencer, 3d Earl, 1782-1845. ALS to T. J. Pettigrew",1822 Feb 27
11,508,"Spring-Rice, William Cecil, 1823-1880. ALS to T. J. Pettigrew",1850 Apr
11,509,"Spurgin, John, 1797-1866. 3 ALS to T. J. Pettigrew",[1829]-45
11,510,"Squier, Ephraim George, 1821-1888. 3 ALS to T.J. Pettigrew and 1 ALS to Charles Roach Smith",1849-52
11,511,"Stanfield, Clarkson, 1793-1867. ALS to T. J. Pettigrew",1846 Jun 3
11,512,"Stanley, Edward John Stanley, 2d Baron, 1802-1869. 2 AL to T. J. Pettigrew","1857 Jul, Oct"
11,513,"Stapleton, Thomas, 1805-1849. 5 ALS to T. J. Pettigrew",[1839]-45
11,514,"Streatfield, Thomas, 1777-1848. ALS to T. J. Pettigrew",1844 Sep 8
11,515,"Strutt, Jacob George, fl. 1820-1850. ALS to the Duke of Sussex",1823 Apr 21
11,516,"Stuart de Decies, Henry Villiers Stuart, 1st Baron, 1803-1874. AL to Mr. Stephenson",[1828 or later]
11,517,"Suckling, Alfred Inigo, 1796-1856. ALS to T. J. Pettigrew",1845 Mar 17
11,518,"Sykes, William Henry, 1790-1872. 3 ALS to T. J. Pettigrew",1839-52
11,519,"Symmons, Charles, 1749-1826. ALS to T. J. Pettigrew",1824 Jun 9
11,520,"Talman, J. J. ALS to T. J. Pettigrew",1817 Jan 16
11,521,"Tankerville, Charles Bennet, 6th Earl of, 1810-1899. 2 ALS to T. J. Pettigrew",[1832]-33
11,522,"Taylor, Edward, 1784-1863. 3 ALS to T. J. Pettigrew",1824-31
11,523,"Taylor, Sir Herbert, 1775-1839. 1 ALS to T. J. Pettigrew, 3 ALS to the Duke of Sussex, 1 ALS to Col. Fitzclarence.",1815-33
11,524,"Taylor, John, 1757-1832. 4 ALS to T. J. Pettigrew, with three poems",1826-31
11,525,"Taylor, Michael Angelo, 1757-1834. ALS to T. J. Pettigrew",1827 Nov 21
11,526,"Taylor, Thomas, 1758-1835. 3 ALS to T. J. Pettigrew",1834 Feb-May
11,527,"Thelwall, [John?], 1764-1834. AL to T. J. Pettigrew",1826 Mar 15
11,528,"Thomas, Honoratus Leigh, 1769-1846. 6 ALS and 1 AL to T. J. Pettigrew",[1823]-38
11,529,"Thompson, James, 1817-1877. ALS to T. J. Pettigrew",1850 Nov 30
11,530,"Thoms, William John, 1803-1885. 2 ALS to T. J. Pettigrew",1844 Feb
11,531,"Thomson, Anthony Todd, 1778-1849. 2 ALS to T. J. Pettigrew","1836, 1840"
11,532,"Thomson, William, ABp. of York, 1819-1890. 3 ALS to T. J. Pettigrew",1863-65
11,533,"Tite, Sir William, 1798-1873. ALS to T. J. Pettigrew",1840 Oct 6
11,534,"Tod, James, 1782-1835. ALS to T. J. Pettigrew",[n.d.]
11,535,"Todd, Henry John, 1763-1845. ALS to T. J. Pettigrew",[1825 or later]
11,536,"Tonna, Lewis Hippolytus Joseph, 1812-1857. 3 ALS to T. J. Pettigrew",1849 Jan-May
11,537,"Torrens, Robert. 5 ALS to T. J. Pettigrew",1824-25
11,538,"Townley, James, 1774-1833. ALS to T. J. Pettigrew",1828 Jul 12
11,539,"Toynbee, Joseph, 1815-1866. ALS to [T. J.] Pettigrew",[1841 or later]
11,540,"Traherne, John Montgomery, 1788-1860. ALS to T. J. Pettigrew",1846 Apr 22
11,541,"Travers, Benjamin, 1783-1858. 4 ALS and 2 AL to T. J. Pettigrew",1828 Mar
11,542,"Tupper, Martin Farquhar, 1810-1889. 6 ALS and 1 AL to T. J. Pettigrew",1829-54
11,543,"Turnbull, William. ALS to T. J. Pettigrew",n.d.
11,544,"Turner, Charles, 1774-1857. 2 ALS to T. J. Pettigrew","[1825], 1831"
11,545,"Turner, Dawson, 1755-1858. 22 ALS to T. J. Pettigrew",1840-52
11,546,"Turner, Sir Tomkyns Hilgrove, 1766?-1843. 2 ALS and 1 AL to T. J. Pettigrew",1838-41
11,547,"Tuthill, Sir George Leman, 1772-1835. ALS and AL to T. J. Pettigrew","1824, 1835"
11,548,"Tymms, Samuel, 1808-1871. ALS to T. J. Pettigrew",1850 Feb 2
11,549,"Tyrrell, Frederick, 1793-1843. 2 ALS to T. J. Pettigrew","[1828], 1834"
12,550,"Upham, Edward, 1776-1834. 3 ALS to T. J. Pettigrew",[1829 or later]
12,551,"Ure, Andrew, 1778-1857. ALS to T. J. Pettigrew",n.d.
12,552,"Uwins, David, 1780?-1837. AL to T. J. Pettigrew",n.d.
12,553,"Valpy, Richard, 1754-1836. 8 ALS to T. J. Pettigrew",1817-26
12,554,"Vigors, Nicholas Aylward, 1785-1840. ALS and AL to T. J. Pettigrew","1827, 1828"
12,555,"Vulliamy, Lewis, 1791-1871. 2 ALS and 1 AL to T. J. Pettigrew",n.d.
12,556,"Wadd, Thomas M. ALS to T. J. Pettigrew",n.d.
12,557,"Waddington, George, 1793-1869. 4 ALS to T. J. Pettigrew and 1 ALS to the Duke of Sussex",1841-52
12,558,"Wallich, Nathaniel, 1786-1854. 2 ALS and 1 AL to T. J. Pettigrew",1830-50
12,559,"Warburton, Henry, 1784?-1858. ALS to T. J. Pettigrew",1825 Mar 4
12,560,"Ward, Edward Matthew, 1816-1879. ALS and AL to T. J. Pettigrew","1850, 1852"
12,561,"Ward, James, 1769-1859. 2 ALS and 1 AL to T. J. Pettigrew",1849 Mar-Apr
12,562,"Wardrop, James, 1782-1869. 3 ALS and 2 AL to T. J. Pettigrew",[1838 or later]
12,563,"Warne, Elizabeth. 2 ALS to T. J. Pettigrew",n.d.
12,564,"Warneford, Samuel Wilson, 1763-1855. 3 ALS to T. J. Pettigrew",1848-50
12,565,"Watson, Ralph. 9 ALS to T. J. Pettigrew",1829-33
12,566,"Way, Albert. 1805-1874. 6 ALS to T. J. Pettigrew",1844 May
12,567,"Webster, Thomas, 1800-1886. ALS to T. J. Pettigrew",1849 Jan 7
12,568,"Weld, Charles Richard, 1813-1869. ALS and LS to T. J. Pettigrew","1849, 1852"
12,569,2 ALS to T. J. Pettigrew,"1845, 1852"
12,570,ALS to C. R. Smith,1849 Dec 27
12,571,"Wemyss, David Douglas, 1760-1839. ALS to T. J. Pettigrew",1828 Feb 27
12,572,"Westall, Richard, 1765-1836. 2 ALS to T. J. Pettigrew",[1827]-29
12,573,"Westmacott, Sir Richard, 1775-1856. 14 ALS and 1 AL to T. J. Pettigrew, 1 ALS to T[homas?] Taylor, 1 ALS to [W.R. Hamilton]",1816-43
12,574,"Westmacott, Richard, 1799-1872. ALS to T. J. Pettigrew",1844 Jan 11
12,575,"Wharncliffe, Edward Montagu-Stuart- Wortley Mackenzie, 1st Earl of, 1827-1899. ALS to T. J. Pettigrew",1862 Mar 14
12,576,"Whatton, William Robert, 1790-1835. ALS to T. J. Pettigrew",1827 Jul 6
12,577,"Wheatley, J. H. W. ALS to T. J. Pettigrew",1831 Jan 15
12,578,"Whichcord, John, 1823-1885. ALS to T. J. Pettigrew",1850 Jun 21
12,579,"Whittaker, George Byrom, 1793-1847. ALS to T. J. Pettigrew",1824 May 13
12,580,"Whittaker, John William, 1790?-1854. 3 ALS to T. J. Pettigrew",1850-52
12,581,"Wilbraham, Roger, 1744-1829. 2 ALS and 1 AL to T. J. Pettigrew",1825-27
12,582,"Wild, Charles, 1781-1835. ALS to T. J. Pettigrew",1828 Apr 12
12,583,"Wilkins, George, 1785-1865. ALS to T. J. Pettigrew",1852 Sep 6
12,584,"Wilkins, William, 1778-1839. ALS and AL to T. J. Pettigrew",1826 Feb
12,585-590,"Wilkinson, Sir John Gardner, 1797-1875. 91 ALS and 1 AL to T. J. Pettigrew",[1830]-58
13,591,"Williams, John, 1811-1862. 1 ALS to T.J. Pettigrew",1851 Oct 23
13,592,"Willis, Robert, 1800-1875. 1 AL to Sir John Gardner Wilkinson",1850 Jan 19
13,593,"Willson, Edward James, 1787-1854. ALS to T. J. Pettigrew",1852 Jul 30
13,594,"Wilson, Sir Daniel, 1816-1892. ALS to T. J. Pettigrew",1850 Jul 12
13,595,"Wilson, James Arthur, 1795-1882. 4 ALS to T. J. Pettigrew",[1836 or later]
13,596,"Wilson, Matthew. 4 ALS and 1 AL to T. J. Pettigrew",[1850 or later]
13,597,"Woodfall, George, 1767-1844. 4 ALS to T. J. Pettigrew",1829-34
13,598,"Word, J. ALS and LS to T. J. Pettigrew","1836 Sep, Nov"
13,599,"Wrangham, Francis, 1769-1842. 4 ALS to T. J. Pettigrew",1816-30
13,600,"Wright, John, 1770?-1844. 3 ALS to T. J. Pettigrew",[1842 or later]
13,601,"Wright, Thomas, 1810-1877. 10 ALS to T. J. Pettigrew",1840-45
13,602,"Wynyard, Miss. AL to Mr. Stephenson",n.d.
13,603,"Wyon, William, 1795-1851. ALS and AL to T. J. Pettigrew","1832, 1840"
13,604,"Yeats, Grant David, 1773-1836. AL to T. J. Pettigrew",1826 May 1
13,605,"Yorke, Charles Philip, 1764-1834. AL to T. J. Pettigrew",1817 Feb 3
13,606,"Yorke, Sir Joseph Sidney, 1768-1831. ALS to T. J. Pettigrew",1820 Sep 1
13,607,"Youatt, William, 1776-1847. 3 ALS to T. J. Pettigrew",1828-35
13,608,"Young, Sir Charles George, 1795-1869. 5 ALS and 1 AL to T. J. Pettigrew",1853 Mar
13,609,"Young, G. 5 ALS to T.J. Pettigrew",1833-49
13,610,"Zouche, Robert Curzon, 14th Baron, 1810-1873. AL to [T. J. Pettigrew]",1849 Jan 22